# Table de partitions — XIAO ESP32-S3, flash 8 Mo.
# factory + ota_0/ota_1 + rollback — voir docs/firmware.md, section "Mise à jour".
# Tailles provisoires mais volontairement larges : on ne réajuste plus une
# table de partitions une fois la carte inaccessible (phase 4).
#
# Name,     Type, SubType,  Offset,  Size,  Flags
nvs,        data, nvs,      ,        0x6000,
phy_init,   data, phy,      ,        0x1000,
otadata,    data, ota,      ,        0x2000,
factory,    app,  factory,  ,        1500K,
ota_0,      app,  ota_0,    ,        1500K,
ota_1,      app,  ota_1,    ,        1500K,
