Designator,Mid X,Mid Y,Rotation,Layer
5V,184.000000,-140.250000,270.000000,Top
BOILER,167.500000,-140.250000,90.000000,Top
BOOT,178.000000,-114.500000,90.000000,Top
C1,173.000000,-108.250000,90.000000,Top
C10,175.000000,-83.000000,0.000000,Top
C12,175.000000,-102.000000,180.000000,Top
C2,175.000000,-108.500000,90.000000,Top
C3,159.500000,-111.500000,0.000000,Top
C4,164.780000,-122.250000,180.000000,Top
C5,165.000000,-120.500000,180.000000,Top
C6,184.775000,-119.800000,0.000000,Top
C8,161.725000,-136.200000,0.000000,Top
C9,161.500000,-129.000000,0.000000,Top
CAN,158.000000,-123.750000,270.000000,Top
D1,175.400000,-139.612500,0.000000,Top
FLOW,175.500000,-94.000000,270.000000,Top
I2CA,159.500000,-94.000000,270.000000,Top
I2CB,167.082500,-94.000000,270.000000,Top
J2,175.680000,-146.425000,0.000000,Top
Q2,167.500000,-146.437500,270.000000,Top
Q3,161.562500,-145.500000,180.000000,Top
R11,164.675000,-129.000000,0.000000,Top
R12,158.537500,-118.300000,0.000000,Top
R13,159.500000,-100.500000,180.000000,Top
R14,163.700000,-93.000000,90.000000,Top
R15,175.000000,-100.500000,0.000000,Top
R17,184.000000,-100.500000,180.000000,Top
R19,162.500000,-139.000000,90.000000,Top
R2,174.500000,-113.500000,0.000000,Top
R21,164.500000,-146.825000,90.000000,Top
R22,162.500000,-142.000000,90.000000,Top
R23,184.000000,-125.175000,90.000000,Top
R24,184.000000,-122.175000,270.000000,Top
R25,185.000000,-132.000000,0.000000,Top
R3,174.500000,-115.000000,0.000000,Top
R4,173.000000,-138.500000,90.000000,Top
R5,178.000000,-138.500000,90.000000,Top
R6,176.200000,-136.000000,90.000000,Top
R7,174.650000,-136.000000,90.000000,Top
RESET,181.500000,-114.500000,90.000000,Top
STATUS,185.000000,-133.500000,0.000000,Top
U1,175.000000,-126.500000,0.000000,Top
U2,167.000000,-111.550000,0.000000,Top
U4,161.025000,-132.595000,90.000000,Top
U5,171.500000,-83.000000,180.000000,Top
VALVE,184.025000,-94.000000,270.000000,Top
