Comment,Designator,Footprint,LCSC Part #
B2B-XH-A(LF)(SN),"5V,BOILER,CAN",JST_XH_B2B-XH-A_1x02_P2.50mm_Vertical,C158012
TS-1088-AR02016,"BOOT,RESET",SW_SPST_TS-1088-xR020,C720477
CL21B475KOFNNNE,C1,C_0805_2012Metric,C107365
CC0603KRX7R9BB104,"C2,C5,C8,C9,C10",C_0603_1608Metric,C14663
TAJB226K010RNJ,C3,CP_EIA-3528-21_Kemet-B,C7198
CL21B106KOQNNNE,C4,C_0805_2012Metric,C95841
CL10B105KA8NNNC,C6,C_0603_1608Metric,C29936
0603B103K500NT,C12,C_0603_1608Metric,C57112
TPD2E2U06DCKR,D1,SOT-323_SC-70,C1855726
B3B-XH-A(LF)(SN),"FLOW,VALVE",JST_XH_B3B-XH-A_1x03_P2.50mm_Vertical,C144394
HY-4A,"I2CA,I2CB",CONN-TH_HY-4A,C722737
USB4105-GF-A-060,J2,USB_C_Receptacle_GCT_USB4105-xx-A_16P_TopMnt_Horizontal_RoundedGND,C3025063
AO3401A,Q2,SOT-23,C15127
2N7002,Q3,SOT-23,C8545
0603WAF1002T5E,"R2,R3,R11,R17,R21,R23,R24",R_0603_1608Metric,C25804
0603WAF5101T5E,"R4,R5",R_0603_1608Metric,C23186
0603WAF220JT5E,"R6,R7",R_0603_1608Metric,C23345
1206W4F1200T5E,R12,R_1206_3216Metric,C17909
0603WAF4701T5E,"R13,R14",R_0603_1608Metric,C23162
0603WAF1001T5E,"R15,R22,R25",R_0603_1608Metric,C21190
0603WAF1003T5E,R19,R_0603_1608Metric,C25803
KT-0603YG,STATUS,LED_0603_1608Metric,C2289
ESP32-S3-MINI-1U-N8,U1,ESP32-S2-MINI-1U,C2980299
AMS1117-3.3,U2,SOT-223-3_TabPin2,C6186
TJA1051T/3/1J,U4,SOIC-8_3.9x4.9mm_P1.27mm,C38695
TMP102AIDRLR,U5,SOT-563,C99269
